A_temp_mean,A_temp_max,A_temp_delta_from_baseline_mean,A_temp_delta_from_baseline_max,A_temp_rise_rate_per10s,A_temp_over_baseline_ratio,A_temp_trend_slope,B_temp_mean,B_temp_max,B_temp_delta_from_baseline_mean,B_temp_delta_from_baseline_max,B_temp_rise_rate_per10s,B_temp_over_baseline_ratio,B_temp_trend_slope,condition,severity_level,load_nm,file_id,split
27.939903259277344,28.26778793334961,1.6719160079956055,1.9998035430908203,0.20458030700683594,0.0,0.015673433456377936,28.395597457885742,28.544536590576172,1.9047366380691528,2.0536746978759766,0.12815475463867188,0.2857142857142857,0.008377096060077572,BPFI,1,0,0Nm_BPFI_03,train
26.98676109313965,27.03817367553711,0.7187752723693848,0.7701892852783203,0.04137420654296875,0.0,0.002928539319707315,28.486116409301758,28.60913848876953,1.9952548742294312,2.118276596069336,0.09919548034667969,0.4523809523809524,0.006237020137853067,BPFI,2,0,0Nm_BPFI_10,train
27.37851333618164,27.816679000854492,1.1105318069458008,1.5486946105957031,0.2829437255859375,0.0,0.02052406692473996,27.212236404418945,27.428367614746094,0.7213767170906067,0.9375057220458984,0.15232086181640625,0.0,0.011138920343132306,BPFI,3,0,0Nm_BPFI_30,train
29.31831932067871,29.63764762878418,3.0503337383270264,3.3696632385253906,0.20293807983398438,1.0,0.015329931420046006,30.258010864257812,30.49285125732422,3.7671520709991455,4.001989364624023,0.139678955078125,1.0,0.011662557323886692,BPFO,1,0,0Nm_BPFO_03,train
29.00017738342285,29.431190490722656,2.73219633102417,3.163206100463867,0.26543426513671875,1.0,0.018404903833797375,29.334524154663086,29.602357864379883,2.843661069869995,3.1114959716796875,0.17873764038085938,1.0,0.013654845487877437,BPFO,2,0,0Nm_BPFO_10,train
27.885982513427734,28.19641876220703,1.6179989576339722,1.9284343719482422,0.2093505859375,0.0,0.01623266371710092,29.561824798583984,29.82024574279785,3.0709657669067383,3.3293838500976562,0.14151763916015625,1.0,0.01279333964824611,BPFO,3,0,0Nm_BPFO_30,train
31.00168800354004,31.073909759521484,4.733703136444092,4.805925369262695,0.08504867553710938,1.0,0.00210509148157717,30.02962875366211,30.103450775146484,3.538764476776123,3.612588882446289,0.07854461669921875,1.0,0.0023589046833981603,Misalign,1,0,0Nm_Misalign_01,train
31.023176193237305,31.133033752441406,4.755191326141357,4.865049362182617,0.04157066345214844,1.0,0.0026796812517292205,29.80535316467285,29.850610733032227,3.3144900798797607,3.3597488403320312,0.031841278076171875,1.0,0.0009613060668810161,Misalign,2,0,0Nm_Misalign_03,train
31.255659103393555,31.50956153869629,4.9876708984375,5.2415771484375,0.5244884490966797,1.0,0.008633314767829742,30.204078674316406,30.445478439331055,3.7132160663604736,3.9546165466308594,0.5096569061279297,1.0,0.007943012372340005,Misalign,3,0,0Nm_Misalign_05,train
26.029644012451172,26.653291702270508,-0.23834052681922913,0.38530731201171875,0.2933197021484375,0.0,0.006880722201356693,26.20770835876465,27.039772033691406,-0.28315505385398865,0.5489101409912109,0.27554893493652344,0.0,0.007183210385263829,Normal,0,0,0Nm_Normal,train
25.85256004333496,26.217910766601562,-0.41542452573776245,-0.05007362365722656,0.3260478973388672,0.0,0.01070413696653676,26.49861717224121,26.82139778137207,0.0077537354081869125,0.330535888671875,0.35634803771972656,0.0,0.009736599583754776,Unbalance,1,0,0Nm_Unbalance_0583mg,train
26.511442184448242,26.780773162841797,0.24345797300338745,0.5127887725830078,0.23177146911621094,0.0,0.008335827685228106,27.173526763916016,27.393863677978516,0.6826682090759277,0.9030017852783203,0.2589569091796875,0.0,0.006888587795627425,Unbalance,2,0,0Nm_Unbalance_1169mg,train
26.841585159301758,27.04569435119629,0.573601245880127,0.7777099609375,0.18477249145507812,0.0,0.005674756494166729,27.356578826904297,27.552879333496094,0.8657159209251404,1.0620174407958984,0.19651412963867188,0.0,0.00558839050444369,Unbalance,3,0,0Nm_Unbalance_1751mg,train
27.089908599853516,27.28647804260254,0.8219228386878967,1.01849365234375,0.24927902221679688,0.0,0.006072394712934253,27.500343322753906,27.701351165771484,1.0094801187515259,1.210489273071289,0.27093505859375,0.0,0.0059660580279652115,Unbalance,4,0,0Nm_Unbalance_2239mg,train
27.383560180664062,27.566194534301758,1.1155778169631958,1.2982101440429688,0.28429603576660156,0.0,0.005755561665628468,27.71405029296875,27.873891830444336,1.2231922149658203,1.3830299377441406,0.3078575134277344,0.0,0.005024095029136673,Unbalance,5,0,0Nm_Unbalance_3318mg,train
27.595115661621094,27.731435775756836,-0.5778443813323975,-0.44152069091796875,0.14510154724121094,0.0,0.007514497834080441,29.05935287475586,29.214698791503906,0.09209546446800232,0.24744033813476562,0.08996391296386719,0.0,0.0063721664758842,BPFI,1,2,2Nm_BPFI_03,train
28.71852684020996,28.996431350708008,0.5455694198608398,0.8234748840332031,0.20226478576660156,0.0,0.014339330333354576,28.47623634338379,28.698951721191406,-0.4910220205783844,-0.2683067321777344,0.1367931365966797,0.0,0.010119206417941045,BPFI,2,2,2Nm_BPFI_10,train
29.583513259887695,29.813610076904297,1.4105585813522339,1.6406536102294922,0.1415843963623047,0.0,0.011076252480379177,28.652694702148438,28.799320220947266,-0.31456393003463745,-0.167938232421875,0.09632492065429688,0.0,0.007109647051807691,BPFI,3,2,2Nm_BPFI_30,train
31.546903610229492,31.725412368774414,3.373948335647583,3.5524559020996094,0.12225723266601562,1.0,0.007851380948724654,31.718250274658203,31.807138442993164,2.7509920597076416,2.8398799896240234,0.054050445556640625,1.0,0.004424351172203683,BPFO,1,2,2Nm_BPFO_03,train
29.80034828186035,30.07416534423828,1.6273900270462036,1.9012088775634766,0.22108840942382812,0.0,0.015435448246173808,29.677391052246094,29.98821258544922,0.7101342082023621,1.0209541320800781,0.19016265869140625,0.0,0.013834238419434033,BPFO,2,2,2Nm_BPFO_10,train
30.477676391601562,30.736881256103516,2.304715871810913,2.563924789428711,0.15962982177734375,1.0,0.009081136599785595,31.249252319335938,31.389745712280273,2.281996011734009,2.422487258911133,0.09407234191894531,1.0,0.007247605187398137,BPFO,3,2,2Nm_BPFO_30,train
31.4539794921875,31.475603103637695,3.281024694442749,3.3026466369628906,0.012151718139648438,1.0,-0.000382365062312017,30.376115798950195,30.407621383666992,1.4088550806045532,1.4403629302978516,0.029941558837890625,0.0,0.0008029200063492267,Misalign,1,2,2Nm_Misalign_01,train
31.887157440185547,31.928180694580078,3.7141995429992676,3.7552242279052734,0.21948623657226562,1.0,0.0013953211916548011,30.754404067993164,30.806354522705078,1.7871451377868652,1.8390960693359375,0.09403800964355469,0.0,-0.0010236394445191904,Misalign,2,2,2Nm_Misalign_03,train
32.21727752685547,32.27556228637695,4.0443196296691895,4.102605819702148,0.028240203857421875,1.0,0.0014776540186359237,32.253963470458984,32.33216857910156,3.286708354949951,3.364910125732422,0.01784515380859375,1.0,-0.0015388362861731696,Misalign,3,2,2Nm_Misalign_05,train
28.120315551757812,28.258146286010742,-0.052644092589616776,0.0851898193359375,0.18808746337890625,0.0,0.004490780499682294,28.903154373168945,29.072113037109375,-0.06410174071788788,0.10485458374023438,0.17450904846191406,0.0,0.004743885624634454,Normal,0,2,2Nm_Normal,train
28.03571128845215,28.19712257385254,-0.1372440606355667,0.024166107177734375,0.2564888000488281,0.0,0.005286178113816196,28.86885643005371,29.034940719604492,-0.09840334206819534,0.06768226623535156,0.2818565368652344,0.0,0.0052244490549804455,Unbalance,1,2,2Nm_Unbalalnce_0583mg,train
27.804609298706055,27.9542236328125,-0.3683473765850067,-0.2187328338623047,0.21158409118652344,0.0,0.004829550392898103,28.574357986450195,28.77438735961914,-0.3929031789302826,-0.19287109375,0.230072021484375,0.0,0.0058394998749514235,Unbalance,2,2,2Nm_Unbalalnce_1169mg,train
27.683204650878906,27.857500076293945,-0.4897485077381134,-0.3154563903808594,0.2634410858154297,0.0,0.005532330521400934,28.438575744628906,28.645347595214844,-0.5286797881126404,-0.3219108581542969,0.2656574249267578,0.0,0.005973464322377542,Unbalance,3,2,2Nm_Unbalalnce_1751mg,train
27.650468826293945,27.8154239654541,-0.5224839448928833,-0.3575325012207031,0.22693443298339844,0.0,0.0052380375380795645,28.368812561035156,28.63517189025879,-0.598447322845459,-0.33208656311035156,0.2508716583251953,0.0,0.007623028463109036,Unbalance,4,2,2Nm_Unbalalnce_2239mg,train
27.53542137145996,27.68460464477539,-0.6375352740287781,-0.48835182189941406,0.11638069152832031,0.0,0.004100627962896362,27.91023826599121,28.208168029785156,-1.0570231676101685,-0.7590904235839844,0.1446685791015625,0.0,0.008215095954131196,Unbalance,5,2,2Nm_Unbalalnce_3318mg,train
28.76321029663086,29.011760711669922,1.3530206680297852,1.6015701293945312,0.19596481323242188,0.0,0.011980510841804699,30.331066131591797,30.51175880432129,2.5083560943603516,2.689044952392578,0.10365867614746094,1.0,0.009104290306834352,BPFI,1,4,4Nm_BPFI_03,train
30.222867965698242,30.43075942993164,2.8126773834228516,3.02056884765625,0.16288375854492188,1.0,0.009406103769835278,30.12139892578125,30.37104606628418,2.29868483543396,2.5483322143554688,0.14056777954101562,1.0,0.01236049700629535,BPFI,2,4,4Nm_BPFI_10,train
30.954988479614258,31.100234985351562,3.544797897338867,3.690044403076172,0.11183738708496094,1.0,0.007969848766346831,30.3461856842041,30.58861541748047,2.5234739780426025,2.765901565551758,0.14227867126464844,1.0,0.011809022565124092,BPFI,3,4,4Nm_BPFI_30,train
32.65769577026367,32.763790130615234,5.247507572174072,5.353599548339844,0.08499526977539062,1.0,0.005423047942287053,33.32078170776367,33.49691390991211,5.498063087463379,5.674200057983398,0.1085357666015625,1.0,0.00927296585863211,BPFO,1,4,4Nm_BPFO_03,train
31.653884887695312,31.831941604614258,4.2436909675598145,4.421751022338867,0.2043743133544922,1.0,0.009072458248510929,32.02334976196289,32.32896423339844,4.200636863708496,4.506250381469727,0.1801891326904297,1.0,0.015122977215740806,BPFO,2,4,4Nm_BPFO_10,train
31.827518463134766,31.993305206298828,4.417328357696533,4.5831146240234375,0.17167282104492188,1.0,0.010171869548578133,32.84872055053711,33.08594512939453,5.02600622177124,5.26323127746582,0.21747970581054688,1.0,0.01283361219952182,BPFO,3,4,4Nm_BPFO_30,train
29.394664764404297,29.491544723510742,1.9844714403152466,2.0813541412353516,0.041393280029296875,0.4166666666666667,0.0021704815606470463,31.283613204956055,31.488035202026367,3.460900068283081,3.6653213500976562,0.071319580078125,1.0,0.005207597435733721,Misalign,1,4,4Nm_Misalign_01,train
29.820524215698242,29.968107223510742,2.410336971282959,2.5579166412353516,0.05499839782714844,1.0,0.0036508821651763767,31.67901039123535,31.860746383666992,3.856295347213745,4.038032531738281,0.07490158081054688,1.0,0.004584360600628417,Misalign,2,4,4Nm_Misalign_03,train
31.597232818603516,31.702558517456055,4.187039375305176,4.292367935180664,0.04258155822753906,1.0,0.0026771645441197767,33.38822555541992,33.454471588134766,5.565509796142578,5.631757736206055,0.061389923095703125,1.0,0.002017015907293259,Misalign,3,4,4Nm_Misalign_05,train
27.331106185913086,27.530019760131836,-0.0790824219584465,0.11982917785644531,0.1318035125732422,0.0,0.005333559457814449,27.50982093811035,28.250381469726562,-0.3128955066204071,0.42766761779785156,0.23038673400878906,0.0,0.018477569824169496,Normal,0,4,4Nm_Normal,train
27.98154067993164,28.25411033630371,0.5713554620742798,0.8439197540283203,0.4315147399902344,0.0,0.00848204469927016,29.58880615234375,30.15592384338379,1.7660894393920898,2.333209991455078,0.5310916900634766,0.36904761904761907,0.015798400237008382,Unbalance,1,4,4Nm_Unbalance_0583mg,train
28.41257667541504,28.633991241455078,1.002388834953308,1.2238006591796875,0.3517341613769531,0.0,0.007278469630650252,30.478042602539062,30.82052993774414,2.655327320098877,2.9978160858154297,0.32567405700683594,1.0,0.00955636884877245,Unbalance,2,4,4Nm_Unbalance_1169mg,train
28.755916595458984,28.900733947753906,1.3457285165786743,1.4905433654785156,0.11042404174804688,0.0,0.004114164827661135,30.988054275512695,31.250532150268555,3.1653401851654053,3.4278182983398438,0.09648513793945312,1.0,0.006910821239367046,Unbalance,3,4,4Nm_Unbalance_1751mg,train
28.929353713989258,29.090991973876953,1.5191595554351807,1.6808013916015625,0.2922325134277344,0.0,0.005598812966473907,31.162036895751953,31.40445899963379,3.339320659637451,3.581745147705078,0.2137298583984375,1.0,0.006454551641161854,Unbalance,4,4,4Nm_Unbalance_2239mg,train
29.0784969329834,29.25247573852539,1.6683076620101929,1.84228515625,0.23777008056640625,0.0,0.005514178981396877,31.275068283081055,31.50602912902832,3.452353000640869,3.6833152770996094,0.2069225311279297,1.0,0.00643807660595579,Unbalance,5,4,4Nm_Unbalance_3318mg,train
